Run #;Collection Sort;Merge Sort;Quick Sort
0;20216164;20074008;24496436
1;17634412;22047088;20755812
2;15894992;21409708;20688612
3;18030644;21026236;22988828
4;16696544;21651656;23795052
5;16081576;25513144;25112272
6;17627024;15833772;26771352
7;17030456;15036384;19864852
8;17732108;19218148;13951760
9;17996920;17873864;16805376
Run #;Collection Sort;Merge Sort;Quick Sort
0;19775520;21564524;22791604
1;17239516;19577384;22275400
2;18834044;20356948;20206976
3;19335308;17714040;19595560
4;15828080;21637072;19628404
5;16551112;19387188;19956416
6;15765508;15023828;15707348
7;15602540;18970268;17878704
8;15395992;14835564;17643424
9;16170160;19812580;10430704
10;18004704;16156072;10335284
11;15684460;15661552;10647404
12;16560652;16181800;10391128
13;15782584;15434652;10370328
14;16228560;15648872;10970408
15;16052136;15956756;11359052
16;16187240;15806068;10445224
17;15682972;16511012;11390760
18;16325384;16624484;10336192
19;15843444;15533692;10757856
20;16007896;15552884;10415688
21;16045152;16469876;11614632
22;15768376;16289976;10699836
23;16514680;17336576;11379932
24;16482996;18558852;11680760
25;16298984;16227932;10625360
26;15934432;18005984;12013412
27;17195440;16607612;10548336
28;15986996;16438112;10924568
29;16284784;15652840;10483988
30;15879768;16331456;11117240
31;16418864;16207840;10440952
32;17779020;16945016;10576084
33;16406852;15848508;10855152
34;16766836;16019304;10558788
35;16747368;16161740;11562640
36;16499840;16200280;10546848
37;16326236;16185336;10866824
38;17364412;17156196;10949884
39;17083272;17546956;11887056
40;16388920;18073780;11310388
41;19521760;19013320;10980676
42;17379544;17596124;12023464
43;17617760;16399212;10598312
44;16827784;16686132;10603592
45;16416620;16187204;10897340
46;16526332;17959016;10973104
47;17146356;16749616;11111748
48;17379884;16517864;10498052
49;17294196;16447628;11070908
50;18403968;16568048;10694592
51;17464400;17505780;10709556
52;16801048;16528860;10745892
53;16825360;16827700;10866940
54;16487528;16453200;11392380
55;16594864;16891484;11290176
56;17372460;16391504;11412184
57;16497584;16103764;10748800
58;16406884;16485776;12271548
59;16401116;16238792;10754264
60;17021728;17466936;11317996
61;16509204;16524968;11016204
62;16812884;16613696;11230332
63;16609140;16512340;11462776
64;16718472;16702928;10871336
65;16500628;16231372;10730008
66;16678192;17125004;11321496
67;16386904;16591808;10873852
68;16822756;17034752;10783340
69;16739752;16773472;10907184
70;17026680;17090200;10847180
71;16407024;16416016;11050920
72;16478432;16696900;10842816
73;16746488;16361488;11070332
74;17262588;16618628;10991864
75;17493732;16429848;11466116
76;17229296;16749164;11918952
77;16453868;16966508;10977268
78;16684228;16983968;10842316
79;17334484;16329488;10932684
80;16634012;16578528;11006852
81;17983448;16817056;11269868
82;17407400;16926240;11011808
83;17568172;17601036;10926492
84;17943948;17929244;11544876
85;16788872;16528940;11029060
86;17043648;16654000;12311360
87;16422092;16511580;11023168
88;17080184;16904640;10941132
89;18204720;16969956;10947028
90;16849968;17513116;13015340
91;17965636;18696240;11289768
92;17030472;18387584;11217372
93;18682332;16739712;11250888
94;18446444;17452924;10882340
95;18593264;17993556;12566616
96;18649336;18371488;12749336
97;17962836;16801820;11547820
98;16979692;17413284;11408764
99;16679964;17049048;12744376
100;17570352;17277624;11048388
101;18521952;18146756;11111604
102;16937192;16750900;11001496
103;16801336;16917828;10928796
104;17411760;17584352;11302636
105;17048580;16665288;11086584
106;18301168;18114028;11056528
107;17392084;17175776;11305796
108;17452200;17449624;11227700
109;16782408;16790880;11953288
110;16961868;16841884;11988240
111;17554116;16862672;11774864
112;17810100;17288016;11118424
113;17367424;18378376;11311076
114;17007504;17118360;11342940
115;17018120;16932376;11008316
116;16644596;16863416;11035292
117;17146904;16726568;11164684
118;18872192;17224940;11196396
119;17097200;17396900;11386196
120;16758076;16619712;11381600
121;17632180;16663104;11896948
122;17156820;16703760;11161368
123;17482648;16970536;11449252
124;16876984;18038332;12100608
125;17679700;18362868;12082820
126;18151044;17779980;11597200
127;17940464;17288932;13065052
128;20080664;17649480;11659404
129;18118364;17673764;11361056
130;17906896;17463392;11741588
131;19501632;19586068;12960772
132;17463060;17302700;11804800
133;18511344;17287844;11091472
134;16931436;18197540;11322788
135;17362100;17104104;12136388
136;17880372;17634744;11352928
137;18202488;17241492;11463496
138;17192656;18003296;11888484
139;18719716;18784608;11693108
140;17972376;20082780;13574048
141;18140572;21066020;13265772
142;18871656;17385776;12248792
143;20396584;18857808;12890284
144;18153296;18700812;11453756
145;18380480;19215944;12540324
146;18112404;19025476;11888336
147;18127480;19269320;13961544
148;17022836;17787516;11862332
149;17068468;19340892;12574360
150;17603904;18887284;12992624
151;19798336;17856332;13488920
152;17476416;20015056;13301484
153;18286884;17475376;12005200
154;19307480;18672020;11492760
155;17164508;18874740;11835340
156;19040736;18945964;13252632
157;19590772;17158384;12382400
158;18361196;17893672;12851260
159;18422328;17906056;12131060
160;18273412;19168196;11417580
161;17824208;18700392;12315728
162;18086308;19567356;13424908
163;20190152;18416156;13434492
164;17910852;18844336;12545808
165;18802004;19185244;11761348
166;18952856;18405748;12737168
167;18719000;19045812;12560368
168;18552104;17421288;12602824
169;18584668;17773536;12219652
170;19133228;18997804;12734628
171;18041960;17626364;12462144
172;18535612;17653860;12746720
173;18279920;18834604;12377940
174;18931500;18116412;12339016
175;20067144;17598120;12026388
176;18777128;18814568;12804796
177;17469420;17594688;13457768
178;18258300;17780384;11472132
179;18510416;17073532;11351648
180;18301148;18386268;12347148
181;19100532;18197700;12235524
182;17485000;18034896;11775804
183;17315564;17326652;11523652
184;20153700;21275248;12837688
185;19788824;18700884;12613664
186;18312544;19243276;11966664
187;17215948;17146064;13148132
188;18429848;19068024;11740456
189;18353792;19319044;11504252
190;19196520;18458096;11800648
191;18259924;17199460;11570876
192;18665896;18917232;11847376
193;17574084;18759176;11591132
194;18092472;18085988;12611832
195;18385312;17263360;12902544
196;18445412;17088112;11633436
197;17683480;17530640;11417596
198;18081408;17569292;12043392
199;18065932;18113624;12321176
200;17480140;18090640;11886200
201;19193756;17804504;11456936
202;18421652;18057844;11861516
203;18310132;18453204;11234232
204;18511888;17607260;12222312
205;18238480;17464792;12713676
206;18221084;17724792;11721400
207;17922024;17093324;11425004
208;17219200;18182664;11344272
209;17020392;17084680;11482420
210;18532848;19262556;11396116
211;17726896;19719104;11405564
212;17873432;17270300;11269432
213;17895664;18408176;13154596
214;19335228;20356116;11867312
215;18695380;17394080;11472416
216;17112980;17549164;11510128
217;17709384;17871728;12211484
218;17035348;18764156;13199172
219;17186572;17063984;11949560
220;17166436;17229328;12033004
221;17262464;18653244;11722684
222;17406216;18697900;12507928
223;17802116;17223136;11466280
224;17977408;17135224;11902688
225;18444676;18125028;11909148
226;17989444;18020596;11230920
227;18831512;18062780;11625860
228;18180024;18109156;11492380
229;17063008;18068556;12412720
230;19058796;17824616;11437744
231;17394576;17954760;13167336
232;18362584;17980496;11430624
233;18880972;17917872;11392960
234;18291788;17684876;12281580
235;17708324;17527256;11905924
236;19102000;18565484;11236648
237;18948636;17705456;13802624
238;18378884;18787564;11426444
239;18914520;18057592;12601944
240;17969908;17335792;11567736
241;18377004;17168348;11542932
242;17218256;19659768;11803956
243;18620524;18844684;11382612
244;18072036;17750168;12420236
245;17205132;17131396;11501240
246;18046148;18045180;12550220
247;17152588;20124024;12403708
248;18003440;17533856;12303360
249;19003620;18262428;12327620
250;17326036;17345520;12458068
251;18210332;17175096;12641076
252;17220252;17629100;11318976
253;21101596;19725208;11743684
254;17729764;18276460;11519860
255;18999508;17375900;11350380
256;17684188;17603608;11495888
257;18091760;18080412;12985932
258;17641996;17316648;11598436
259;18691160;19197268;12087336
260;17873616;18188532;11710496
261;18899320;17473256;11632824
262;18505036;17230760;11812260
263;19092440;17079760;11552732
264;17286308;18106484;11369064
265;18141280;17131700;11497192
266;17334276;18044900;11889692
267;19314496;18087020;12742384
268;18048228;20020792;12367532
269;18150084;18450416;11256616
270;17314928;17223540;11684356
271;18085696;18096068;11472172
272;18601764;19247520;13628156
273;19358196;20833948;11934088
274;19569176;17367672;11486672
275;17422872;17278896;12371932
276;18173052;17183648;11533424
277;18214144;18121264;11994108
278;17709840;28939144;13657756
279;18362336;20403448;20105392
280;18989812;17785252;11403640
281;17724344;17455512;12183484
282;18965488;19884040;13823692
283;18774792;20849152;13328200
284;19322112;18434948;12635656
285;20739200;20396296;13280416
286;21670108;18127964;14823388
287;18803540;18806672;11720452
288;19414172;19842312;15666784
289;21129748;20431992;11979036
290;18338864;18175564;12036732
291;22881684;28825340;14517248
292;22513700;24117468;28060392
293;43161236;48016420;18245160
294;19601488;19488932;12308356
295;18138940;18928076;14237204
296;20378392;18916696;13626984
297;19271072;19096012;16253804
298;18189196;20652432;13202872
299;20757764;20767900;13065144
300;18679484;20243708;12822136
301;20322592;19297472;12471876
302;18746952;23906804;14158116
303;18789916;18195264;12172308
304;19001812;19030212;15928620
305;22594116;20067028;15131644
306;19161700;19191480;12935216
307;18760436;19645040;13118372
308;22312328;20412720;13969984
309;38581804;22298152;18405028
310;31298624;26107648;19929756
311;22370868;20731372;13838668
312;18720008;19100012;12964672
313;21338720;20633376;12390460
314;18330868;23784388;13954256
315;19477076;18147004;12245740
316;20503468;18851212;12476700
317;18390512;19172424;12053896
318;18117260;20804148;13334188
319;19290784;18294892;12131632
320;18392512;20566524;13160756
321;18266444;19594968;12085024
322;19538388;18033908;12878468
323;19700708;19145452;12788208
324;20003700;19412972;12658820
325;19748992;19852192;12571872
326;19722384;20086308;11870272
327;19387084;18139816;14171608
328;17849548;19128756;12470224
329;18922120;17775680;13417520
330;19887628;19112580;13162668
331;18547404;17839928;13364724
332;20263568;17676804;12917344
333;19900100;17780852;12607168
334;18180896;18303888;11761260
335;19066932;18632496;11902624
336;18859768;18933968;12433532
337;19738028;20138596;12590444
338;17822288;19209164;11793796
339;17705516;19530012;13511616
340;17773924;18022148;11761808
341;17805080;18007024;12411688
342;20909936;18646392;11601572
343;18562272;17808128;12667560
344;18991664;19520332;12714516
345;18262784;17529752;11941436
346;19850452;19745168;13093888
347;17680540;17645268;12782552
348;17674332;18050080;12145064
349;18120112;17646336;13687576
350;18048280;20984624;11614024
351;20932532;18256624;12124540
352;17648372;19196880;12491112
353;18667836;19912056;12728752
354;19344704;19765828;12856264
355;18899580;18850292;12191104
356;19548312;18037528;11689564
357;18003956;17707672;12351496
358;18805716;18281200;12509716
359;18824596;19251348;12397272
360;19112372;19007376;12359704
361;19380516;20964696;13907332
362;18147632;17683380;12128732
363;19748820;19503240;11903932
364;19190148;17498352;11692576
365;18920520;17536144;12355976
366;19925116;18455956;11934668
367;17341184;18502172;12453316
368;19289080;17470768;11570984
369;17688636;18632300;12997832
370;18780384;18467036;12781476
371;17522568;19212572;13286604
372;19263968;18304248;11770196
373;19827888;17959632;13385536
374;18431636;19153184;12025076
375;17719660;18797260;11865140
376;18137832;17702116;11655744
377;19730068;17620828;11693844
378;18308632;19674872;12783276
379;20161016;18071132;11748100
380;18866140;19765636;12710608
381;20016392;17605708;11821072
382;18881852;18489068;12496132
383;17532780;17820684;11891404
384;18117268;17853496;11828688
385;18153160;17710188;11800248
386;21085324;17338968;12205572
387;18502108;17597420;13085696
388;19960212;18014860;11917992
389;17971336;17728632;11759400
390;18097476;17926848;11930484
391;17705508;17627192;12065208
392;20330940;17581160;12087100
393;17618156;17604128;11944996
394;18873456;18046900;11678840
395;18334308;17952700;12835992
396;18064824;18558396;11815816
397;18371160;18007300;11912844
398;17721872;18258984;11711012
399;18784248;18545316;11635528
400;18781276;17831724;13510936
401;18679816;17554884;13490716
402;18631744;18572764;12667140
403;18039784;17662664;11878308
404;17567276;17517212;12069108
405;18068116;19802544;11606712
406;18257980;19287900;12519152
407;17996832;17722632;13083668
408;18636096;17500384;11702020
409;20945244;18785416;13775268
410;17450304;19000332;11514828
411;18226556;18144524;12223560
412;18330700;17777848;11790616
413;17834712;17382860;11730064
414;18770720;19897972;11791992
415;18698156;18210852;11812092
416;17567096;20374572;13099912
417;18916464;17712940;11665428
418;17824912;17510744;11693056
419;19115528;19155020;12684644
420;19478132;20280380;13620576
421;19380016;19507520;13704984
422;19799412;18273468;12284152
423;18289640;18834816;11443228
424;18845768;18577036;12499780
425;18102748;17852068;11750744
426;18110476;18345780;11795488
427;17828996;18635388;12275080
428;17681152;18704132;12897012
429;18166216;19358148;13979312
430;19368224;18282148;11995372
431;17784912;18950336;12621360
432;17976332;19141412;12742432
433;18557500;19507912;11698456
434;18338264;18729008;12585284
435;19336476;18475484;12243852
436;18023636;17524080;12649588
437;17620736;17989196;11828660
438;18137120;17684172;11795704
439;18338636;18697188;12618336
440;19495160;20046288;13571004
441;19635176;17837444;11955676
442;20015720;19913624;12376232
443;18022628;18188472;11739968
444;17743508;18805044;11850872
445;17835648;17778280;11978192
446;18296656;18594192;13755840
447;19347804;18409944;12493220
448;17958260;17900480;11816428
449;18888440;19067848;12206320
450;18115828;18128420;12094696
451;18639972;19448552;12035560
452;17881292;18017628;12126064
453;18057648;17558708;12038280
454;18395316;19544600;11777388
455;17556584;17687960;12276380
456;20366428;18216208;11935752
457;18652240;17572656;12530004
458;17760968;18073732;11772928
459;17644788;18266972;12132560
460;17976104;17838092;12147204
461;18191880;17711144;11764412
462;18105852;19649296;11691864
463;19031024;19562740;11720068
464;18042488;17595796;11762200
465;19950996;20408144;13683420
466;17992756;20437080;13578140
467;19812572;18882820;12899084
468;18088908;18637224;12697232
469;19116004;19762408;12117648
470;18535092;18529144;12162688
471;18940376;19051156;12823160
472;19210568;17875036;11919144
473;18044364;19352280;11839728
474;20178064;19554016;13096576
475;17718616;19340880;13953896
476;17880580;17941632;11973608
477;18499124;19840400;11876468
478;18489392;18806876;12198648
479;18709684;18914588;13381560
480;19260932;18065344;12371448
481;18230692;17844912;11721032
482;18398140;18484604;11937012
483;18761404;20591576;12827612
484;17849276;17858740;12264456
485;17666752;20208580;11786132
486;20275072;19624584;13813096
487;19239612;17717936;11672968
488;18270620;20600080;13810000
489;19862684;17544656;11623652
490;17764920;19993164;12578292
491;17757924;18033424;12091012
492;27310708;20270528;13361832
493;18686144;18884760;12796452
494;18328388;17814252;11693660
495;18000124;19859964;12327372
496;20401580;18284820;11642048
497;17702528;20418784;12233548
498;17763092;17834924;11943048
499;17551644;18409336;12843388
500;18453084;20776896;13625832
501;20299172;17779712;12663280
502;17688080;18802352;11613692
503;18210616;18667772;14027372
504;18125464;20446440;12760552
505;20446920;19511684;12048800
506;21192272;18646696;11933876
507;19117232;20196792;14260768
508;18302420;18210760;11642644
509;18438232;18195444;11875900
510;19759864;18526320;13374872
511;20654800;18738396;13217780
512;20620440;19291492;13096092
513;19358636;20151804;12117192
514;19215896;18361316;14401776
515;19032468;19396596;12692964
516;19481316;17893524;12296828
517;17749512;17981076;13446448
518;20965180;21012340;14330360
519;18416032;17651060;11869608
520;19517492;18589720;13648144
521;18140936;18755200;11793768
522;17777880;17797036;11961696
523;18120708;18833156;11775024
524;20328856;20166888;12687708
525;19406304;19606952;14107948
526;20510672;17532004;11801968
527;18236160;19755784;13812584
528;17574488;17809376;11869612
529;17838412;18095680;12141676
530;18530136;19248828;12492044
531;18183588;17812964;13170028
532;18510252;18168672;12472804
533;20138388;18732196;13055104
534;19650340;17837560;12625164
535;19397560;19723032;11864340
536;18875268;17851108;11989480
537;18182360;18223460;11604820
538;17673092;19331692;11975100
539;18067368;17542696;11633808
540;19080960;21101704;11954068
541;18456736;18816324;12523236
542;19499936;18241916;11809172
543;20706180;19658352;13900944
544;19796340;18689232;12843408
545;18810720;18714144;12246992
546;20257924;17525224;11630544
547;17645728;18067056;11922204
548;18887100;17728176;11834452
549;17689728;18115420;12058000
550;17821028;17830428;11859508
551;17635312;18875652;12092180
552;17590748;18336504;13287740
553;17586620;18181708;14222644
554;19794660;17806188;12901264
555;18510744;17635376;12393380
556;17659276;17816576;12367816
557;18497464;17604028;11990728
558;18722652;17628968;11804804
559;20024116;19735016;12252824
560;19241332;18073240;13038860
561;18620124;18370612;12798656
562;20235972;19215696;12124924
563;18781468;18663592;14127796
564;18590316;19340512;11771468
565;17607436;18252760;12921436
566;19709464;17812020;11782352
567;18953220;17848400;12455576
568;17732196;17605848;12825612
569;17655876;19413580;12005600
570;17712460;18269840;11739288
571;18692808;18987032;14288656
572;18845500;18518924;11847920
573;17900556;18047588;12034140
574;17655184;18854308;12739944
575;18325824;19100936;12359400
576;18199960;18084132;11706412
577;18032708;17629288;12203264
578;18917572;17685908;12193488
579;18343328;18943080;12021700
580;17796924;17685648;12566340
581;19155092;17648264;12676896
582;17739516;18016584;12702468
583;18890372;18034020;11756600
584;17839672;20779340;12397992
585;17639984;18572200;11885680
586;18009744;18079300;11619736
587;18423652;17781580;11807152
588;17790904;19018512;12637608
589;18152992;17792332;11727324
590;18791068;18738700;11939904
591;20015852;17958464;11717312
592;19267652;19018824;11737872
593;17822100;19039796;13044960
594;17719888;17665360;11902364
595;17820436;17680972;12130672
596;17878644;18847112;11776384
597;19170680;18781804;11759300
598;17876364;18199172;12698116
599;19224072;18319300;11671808
600;17682908;17760808;12500308
601;18987288;18211420;11602324
602;18238100;17614024;11973500
603;17904360;18884660;11827328
604;18606164;18161300;13250836
605;17645376;19351016;11635844
606;18156044;18644356;12994080
607;19213276;18404680;13065184
608;17807324;21143968;12471808
609;18897052;19587084;12792568
610;21002572;19907900;13619392
611;19597484;18756108;12016264
612;18538592;18095448;12127940
613;18713596;18378428;12075572
614;18055168;20091288;11801312
615;18710660;18164676;12159040
616;18199000;19531536;12680220
617;18606424;18669800;12600296
618;19281068;18230780;12307276
619;19250456;19227788;12132808
620;17800756;18812316;11858724
621;18847500;19828480;14251408
622;18753908;18156860;11766004
623;18525532;18806228;12392600
624;19116544;18853920;12173808
625;18657496;17808460;11780544
626;18316852;18614908;12217404
627;18321608;17770200;11786528
628;17767836;18714296;12598828
629;19697256;20323528;12138536
630;20291492;19290400;12160720
631;19303912;18115576;12686604
632;18466276;18507284;12736528
633;18258780;17923472;11898496
634;20366236;17719920;11726956
635;20467804;18724688;11844932
636;17836408;19062640;12169244
637;18267980;17817924;11877684
638;19000020;18350260;12009500
639;18540540;20033288;11982960
640;19595588;19689200;11896592
641;21574580;19861636;14208252
642;18539396;17954508;12084856
643;18974624;18004704;12470812
644;18390484;18910632;12487852
645;19263368;19019680;12011596
646;18800040;18824084;12687584
647;21071424;18634324;11995384
648;19065432;18213832;12950452
649;18463440;20916000;12875252
650;17869456;18170052;14122400
651;18081004;19659032;12582396
652;18531188;18697760;13319584
653;19750192;19516128;13096296
654;19324972;18077220;11960476
655;19459232;18712820;12667804
656;17945056;20523824;12311444
657;20522584;18687180;13410320
658;20457248;19228512;13018752
659;18163328;17761072;11908264
660;18134436;20001712;13410376
661;17666796;18525824;12128820
662;19681560;17819776;12220896
663;18180660;19520348;11841212
664;19615620;17891136;13532464
665;17720896;19336584;11939768
666;17844668;17991364;11922276
667;18146420;19865396;11840080
668;19142232;18326084;11787120
669;18691240;17781860;12803056
670;18692716;17746720;11812308
671;17803760;18346892;12671388
672;17672828;18908532;14074996
673;17746908;20169956;13695432
674;17935400;18864580;11891168
675;19299776;18740656;12148244
676;18567052;18156784;11930152
677;19426404;18679036;12452412
678;18483800;17910784;11829772
679;18404560;18504444;13212780
680;18086024;20358548;12883052
681;19773640;18872980;12132972
682;18884012;17876132;12364064
683;19143404;18261064;12334136
684;18482456;19283988;12056452
685;19241000;18687844;11955080
686;18504568;17635572;12027040
687;18412256;18940624;11999076
688;17939076;19527808;12550476
689;18546140;18943572;12062404
690;17913340;18626044;13242428
691;17828488;19138808;14447836
692;20230088;22692688;13857600
693;19760552;19001872;12210240
694;19272132;19590136;13226380
695;19650884;20398068;24284416
696;34934908;31464688;19121992
697;36250720;30642808;20403412
698;26087180;25223720;17482660
699;24761756;22457956;14319160
700;18978840;20217760;12479620
701;19051184;18402780;12206728
702;20119020;18762940;12152136
703;19885876;20024260;12058852
704;19517836;19570812;12239496
705;19079748;18420164;12206824
706;18420492;20163856;12951916
707;19802160;19131004;12920396
708;18213904;19226176;12652176
709;18162488;17998708;12448688
710;18804672;19001488;12126816
711;18214336;19288032;12561676
712;19330116;18327708;13273876
713;18711984;18240540;12086048
714;18817688;20486052;11814288
715;18892444;19274364;12010596
716;18412240;18338056;13126272
717;21125788;18927032;12563028
718;18432496;18308720;13051128
719;18761920;18393396;13536220
720;19240316;19743152;12305772
721;18796664;19898612;13068560
722;18323484;18760796;12885192
723;21094892;19851900;12500864
724;17992928;18243640;12229416
725;20229860;18286432;13267900
726;18017044;18312592;12023452
727;18211784;18288456;12171160
728;18728748;18239496;14229064
729;17991548;18781688;12755056
730;18436844;18788420;14456404
731;18969772;18003164;12829744
732;19454772;19504360;13173956
733;19375108;18848700;12610932
734;20212592;18561344;12222124
735;18545968;18312620;12006688
736;18183248;21039808;13643772
737;18365844;19924772;13346924
738;18696452;18128148;12252580
739;18527364;18397588;12356876
740;19027072;18227552;13221960
741;20201756;18901024;12531688
742;20671528;18435548;14872620
743;18696612;20204216;13593720
744;19472588;19880220;13201600
745;21393528;18731516;14911824
746;18854296;18143180;12026876
747;17974224;18214956;12151956
748;21058108;18042444;12410920
749;19996748;18210124;12184212
750;19486488;18597188;12021704
751;21782360;21437452;14151536
752;19692008;18652384;12728608
753;19554920;18071252;12298068
754;18313952;20343548;12254644
755;18317708;19200452;12713724
756;18629008;18282404;11710472
757;19384380;18148372;13613416
758;18495196;18352300;12423668
759;19416060;18085624;12564240
760;19893772;19598652;13695208
761;19335024;18530200;12537420
762;19426248;18825600;12064440
763;18044336;18115228;12984780
764;18418676;18324476;11995820
765;18681212;20073484;13479204
766;17953744;19171064;12150880
767;18064388;19364824;12299184
768;17899552;18341852;12062064
769;18632256;17850120;12045856
770;19476792;18088216;13180764
771;18958508;17790124;13017464
772;18382616;18747920;12751944
773;18480144;18499084;12330144
774;19311524;19519188;11926200
775;19268992;18299168;12365348
776;19569700;18394176;13755716
777;19398860;21201496;13614808
778;20761840;18756040;12442204
779;18845536;18107676;12198376
780;18043340;18333572;12117816
781;18719692;18496424;12197040
782;18047652;18011696;13493120
783;18303956;18409104;12357760
784;19543468;19859412;14507964
785;18322392;18344864;14002868
786;19307436;18678168;11877336
787;18064160;18643536;11873248
788;18414968;18158296;12739756
789;19603436;18550340;13443956
790;18857548;20104544;13061052
791;19995404;18305452;13602740
792;20263060;19110236;12295760
793;18439332;18467480;13141520
794;18464464;19082940;12160240
795;18015012;19017028;12220440
796;19273496;18457312;12063744
797;19424508;18183780;12266396
798;18768032;18249848;11936720
799;18037392;18205832;11821244
800;20771444;20104432;12521612
801;18060624;18640952;13068248
802;19227260;19128992;11996968
803;19005880;19932768;13949656
804;17826156;18755768;12357964
805;21701900;19493692;12118708
806;20950144;17739112;12068848
807;21496444;18466140;12858680
808;18671340;18450256;13264384
809;19791732;18300872;13938908
810;17939412;18116836;12387440
811;19419636;18106740;12188976
812;17953772;19047848;12181572
813;19064420;18249656;12712820
814;18221528;20050196;11939588
815;18485920;17857088;12460984
816;18792636;18331648;12115236
817;18292528;20611928;11578360
818;18760776;18277756;12376212
819;20286380;19149436;14158876
820;19132136;20690808;13009924
821;18514544;18062164;12050400
822;18751460;18307016;13427460
823;19343548;19171564;12574192
824;19316028;18522172;12945120
825;17896888;18441560;12361324
826;17736424;20054348;12299120
827;18170488;19789096;12856816
828;19469032;18160500;12104664
829;17767836;18509876;12812672
830;18129768;17879924;11777944
831;20212388;19228216;12182632
832;19131604;19439288;12622832
833;19196704;18103460;12426064
834;18939568;18826056;12535528
835;20742208;20836424;13589972
836;20604532;18564256;13861376
837;17999316;21134448;14477676
838;20315204;19318516;12362008
839;18789324;19028588;12090764
840;18605252;18490380;12311940
841;18136156;18409988;12185796
842;19200948;18922620;13406188
843;19118456;18490436;12372584
844;19161388;18556528;12069036
845;18398580;18371432;12984228
846;19620156;18394400;12577320
847;18750952;18370648;12139124
848;20399816;19454712;12309904
849;18005300;18178152;12158736
850;18062232;18537780;12794268
851;19756020;20433308;13413008
852;19971660;18648044;12103272
853;18541512;18251876;12086852
854;19044344;18170688;11993580
855;19248072;18956576;11972804
856;18085856;18433776;12135312
857;18842852;18771224;12913708
858;18503772;18706076;12314940
859;19169108;19799360;12140088
860;17836644;19658476;12695244
861;19063596;18763816;13139228
862;21526352;20780864;12714636
863;19307384;19748448;11942364
864;18890672;18514384;12894544
865;18206264;18410160;13037172
866;18083764;18957296;12119812
867;19454668;18312468;12169624
868;18546404;18154440;12082020
869;19510800;19315092;14508692
870;18330428;18486532;12070716
871;18170696;18233704;12002460
872;19885944;18696892;12293052
873;19255236;18856224;12294460
874;17945624;20191608;12694624
875;20130096;20443640;12007700
876;20628624;18863668;13058396
877;18763936;19299132;11977444
878;20382944;18124928;12135332
879;19460036;20167492;13943980
880;17922252;18367008;12695720
881;20649256;18718372;13058004
882;19843252;18790572;12687144
883;20249052;18620100;14124516
884;19763284;18742920;12427604
885;18554424;19608224;12137064
886;18194896;18396728;12444488
887;19240644;19187324;13356120
888;18476088;18611092;13498264
889;18710376;18859868;13055572
890;18543596;18988580;12180892
891;18591844;19968144;12576472
892;18708920;18389208;12029600
893;19535896;18530220;12130756
894;20444656;21567716;12874592
895;18111436;18204876;13581388
896;18279780;18002728;12370328
897;20568520;19666944;12000796
898;18369420;18955292;12465448
899;19666216;18480040;13875832
900;19932628;19787796;12368560
901;18932920;18382536;12148732
902;18456628;18530516;12722752
903;19412924;18087940;12545404
904;18945040;17901004;12053056
905;22129248;19090620;13324708
906;18723912;20374188;12257780
907;18288256;18440700;11828988
908;18529416;17947396;11947076
909;18933960;17693068;12684952
910;18070372;19511372;13669596
911;18070400;18285360;13580560
912;18327900;19810712;12350656
913;18173508;17896540;12200376
914;18058844;19195400;11950968
915;19094744;18445676;12271024
916;18364500;18133076;13756068
917;18024680;18576332;12527012
918;19618092;20321980;12036556
919;20218280;17939676;12079972
920;18466528;18364536;12173848
921;18893820;18356632;12555424
922;19447060;17892692;11883380
923;18161236;20109280;12041196
924;18148904;18710264;12133220
925;19797868;19068700;11875968
926;18681216;20269808;12857920
927;19301252;19730888;14267232
928;18469156;19820332;12186496
929;18751808;19838292;14905508
930;19255676;18875860;12876420
931;19695748;18759352;13826268
932;18273992;18334916;13606172
933;20534472;20427776;12514376
934;18872268;18149016;12013484
935;19854624;18036768;12070080
936;19681564;19825724;11912680
937;17948340;18206012;14101756
938;18681864;18185356;12098680
939;18983476;19634832;13735168
940;18504280;18233976;12894924
941;18064468;18218756;11886400
942;20209304;20722740;13080160
943;20027768;18160448;13074404
944;18377176;18760968;12213156
945;18473140;19420328;14290556
946;20632080;18938592;12751852
947;21895384;18632364;12077920
948;18946812;18632156;12579004
949;22170072;19359712;11819488
950;18665912;18720368;12121940
951;19162328;19892060;12754284
952;18396200;18675088;12136964
953;18430108;19647200;12317324
954;18654000;18716272;13552724
955;19528652;18388152;12298644
956;18447468;21574472;12291632
957;19887672;19413512;12032068
958;19189828;20878256;13119920
959;17969036;18060132;13137112
960;18892804;19313664;13442976
961;18168776;18441416;12996376
962;19362336;18173480;12360972
963;18087948;19631824;12423528
964;18490532;18297452;12613388
965;18429316;18652480;12070404
966;18061804;18256592;12379660
967;18372788;18939776;14215804
968;18427980;20398300;11741232
969;18964808;18091000;12032160
970;18735024;18454592;12623368
971;19035636;19513192;13003732
972;20648012;19517616;12923908
973;20625432;18423404;14438088
974;20293564;19214612;12625520
975;18752620;20230112;12320232
976;20184692;20566748;12220884
977;19775992;19251916;11790020
978;20828752;21226012;13970740
979;21876380;18842356;11943656
980;19027992;17950600;12767336
981;20083580;20542628;13410536
982;18527068;18790364;12256372
983;20212388;18923520;13268812
984;20345632;18092144;12439348
985;18602420;19048932;12629364
986;18651120;18525404;12424992
987;20972868;20951928;11554520
988;20022172;18934392;12979916
989;20134960;19015964;11946088
990;20265380;19488968;11850612
991;18113988;18049244;12284864
992;18438700;18402056;11925832
993;20004024;19465244;12027556
994;18289008;19249508;13718916
995;18102152;18067700;11961164
996;18293144;18864600;12606024
997;18479408;18387212;12996444
998;19441716;18155988;13147400
999;18934020;18684292;12838384
